,precision,recall,f1-score,support
0,0.8583696178035801,0.8479091995221028,0.8531073446327684,25110.0
1,0.848428321955866,0.8588589795098434,0.8536117877251128,24890.0
