,precision,recall,f1-score,support
0,0.8583696178035801,0.8479091995221028,0.8531073446327684,25110.0
1,0.848428321955866,0.8588589795098434,0.8536117877251128,24890.0
accuracy,0.85336,0.85336,0.85336,0.85336
macro avg,0.8533989698797231,0.853384089515973,0.8533595661789406,50000.0
weighted avg,0.853420840730588,0.85336,0.8533584564041374,50000.0
