,precision,recall,f1-score,support
0,0.7219485843210779,0.904778972520908,0.8030894854981531,25110.0
1,0.8709729642221143,0.6484531940538368,0.7434190829322217,24890.0
