Category,Inception_Score_Mean,Inception_Score_Std
Artistic,1.7747023807572837,0.17849773495465354
Cityscapes and structures,1.7379088676970231,0.1090524550624673
Commercial,1.8104933603844309,0.1747656955347056
Nature,1.7670509229115354,0.16799419837916227
People,1.7381644434321717,0.22854241630951622
