Category,Inception_Score_Mean,Inception_Score_Std
Artistic,1.8186347508272633,0.18173137197692482
Cityscapes and structures,1.7047012426737602,0.13695029877682535
Commercial,1.8073448308863427,0.12316846931086599
Nature,1.8015080481189725,0.10914819049289277
People,1.7294203757324282,0.22387643470654872
